Country Name,Year,Gender,Age Group,Value
France,2018,Female,15–19,2025212.0
France,2018,Male,15–19,2132753.0
France,2018,Female,20–24,1903538.0
France,2018,Male,20–24,1965425.0
France,2018,Female,25–29,1929663.0
France,2018,Male,25–29,1919363.0
France,2018,Female,30–34,2037507.0
France,2018,Male,30–34,1955372.0
France,2018,Female,35–39,2134953.0
France,2018,Male,35–39,2067159.0
France,2018,Female,40–44,2114980.0
France,2018,Male,40–44,2109929.0
France,2018,Female,45–49,2300934.0
France,2018,Male,45–49,2230107.0
France,2018,Female,50–54,2277720.0
France,2018,Male,50–54,2176952.0
France,2018,Female,55–59,2238462.0
France,2018,Male,55–59,2108087.0
France,2018,Female,60–64,2159763.0
France,2018,Male,60–64,1970776.0
Germany,2018,Female,15–19,1938048.0
Germany,2018,Male,15–19,2112454.0
Germany,2018,Female,20–24,2195296.0
Germany,2018,Male,20–24,2418596.0
Germany,2018,Female,25–29,2523000.0
Germany,2018,Male,25–29,2721480.0
Germany,2018,Female,30–34,2597708.0
Germany,2018,Male,30–34,2747293.0
Germany,2018,Female,35–39,2567917.0
Germany,2018,Male,35–39,2631584.0
Germany,2018,Female,40–44,2396824.0
Germany,2018,Male,40–44,2434087.0
Germany,2018,Female,45–49,2860612.0
Germany,2018,Male,45–49,2910440.0
Germany,2018,Female,50–54,3422957.0
Germany,2018,Male,50–54,3490940.0
Germany,2018,Female,55–59,3246157.0
Germany,2018,Male,55–59,3241741.0
Germany,2018,Female,60–64,2764038.0
Germany,2018,Male,60–64,2657326.0
Italy,2018,Female,15–19,1389128.0
Italy,2018,Male,15–19,1508748.0
Italy,2018,Female,20–24,1423442.0
Italy,2018,Male,20–24,1569187.0
Italy,2018,Female,25–29,1602388.0
Italy,2018,Male,25–29,1677058.0
Italy,2018,Female,30–34,1647428.0
Italy,2018,Male,30–34,1676022.0
Italy,2018,Female,35–39,1869885.0
Italy,2018,Male,35–39,1892516.0
Italy,2018,Female,40–44,2233435.0
Italy,2018,Male,40–44,2232720.0
Italy,2018,Female,45–49,2435514.0
Italy,2018,Male,45–49,2390019.0
Italy,2018,Female,50–54,2485862.0
Italy,2018,Male,50–54,2416097.0
Italy,2018,Female,55–59,2249252.0
Italy,2018,Male,55–59,2146214.0
Italy,2018,Female,60–64,1969035.0
Italy,2018,Male,60–64,1841652.0
Netherlands,2018,Female,15–19,514322.0
Netherlands,2018,Male,15–19,539708.0
Netherlands,2018,Female,20–24,533732.0
Netherlands,2018,Male,20–24,550452.0
Netherlands,2018,Female,25–29,553359.0
Netherlands,2018,Male,25–29,569170.0
Netherlands,2018,Female,30–34,531256.0
Netherlands,2018,Male,30–34,540532.0
Netherlands,2018,Female,35–39,515295.0
Netherlands,2018,Male,35–39,516066.0
Netherlands,2018,Female,40–44,515786.0
Netherlands,2018,Male,40–44,510549.0
Netherlands,2018,Female,45–49,626565.0
Netherlands,2018,Male,45–49,624694.0
Netherlands,2018,Female,50–54,642438.0
Netherlands,2018,Male,50–54,646256.0
Netherlands,2018,Female,55–59,617154.0
Netherlands,2018,Male,55–59,614040.0
Netherlands,2018,Female,60–64,544977.0
Netherlands,2018,Male,60–64,537073.0
Norway,2018,Female,15–19,155564.0
Norway,2018,Male,15–19,165672.0
Norway,2018,Female,20–24,165150.0
Norway,2018,Male,20–24,176657.0
Norway,2018,Female,25–29,181803.0
Norway,2018,Male,25–29,189580.0
Norway,2018,Female,30–34,176707.0
Norway,2018,Male,30–34,184970.0
Norway,2018,Female,35–39,170309.0
Norway,2018,Male,35–39,180901.0
Norway,2018,Female,40–44,171339.0
Norway,2018,Male,40–44,180978.0
Norway,2018,Female,45–49,184920.0
Norway,2018,Male,45–49,194640.0
Norway,2018,Female,50–54,176281.0
Norway,2018,Male,50–54,186017.0
Norway,2018,Female,55–59,158674.0
Norway,2018,Male,55–59,165272.0
Norway,2018,Female,60–64,150384.0
Norway,2018,Male,60–64,151581.0
Poland,2018,Female,15–19,892409.0
Poland,2018,Male,15–19,933921.0
Poland,2018,Female,20–24,1075763.0
Poland,2018,Male,20–24,1126896.0
Poland,2018,Female,25–29,1294433.0
Poland,2018,Male,25–29,1353169.0
Poland,2018,Female,30–34,1513146.0
Poland,2018,Male,30–34,1574735.0
Poland,2018,Female,35–39,1559000.0
Poland,2018,Male,35–39,1614143.0
Poland,2018,Female,40–44,1424655.0
Poland,2018,Male,40–44,1462667.0
Poland,2018,Female,45–49,1208949.0
Poland,2018,Male,45–49,1223664.0
Poland,2018,Female,50–54,1122885.0
Poland,2018,Male,50–54,1111521.0
Poland,2018,Female,55–59,1296319.0
Poland,2018,Male,55–59,1221909.0
Poland,2018,Female,60–64,1429940.0
Poland,2018,Male,60–64,1259948.0
Spain,2018,Female,15–19,1108191.0
Spain,2018,Male,15–19,1176928.0
Spain,2018,Female,20–24,1122024.0
Spain,2018,Male,20–24,1170494.0
Spain,2018,Female,25–29,1270145.0
Spain,2018,Male,25–29,1293954.0
Spain,2018,Female,30–34,1433030.0
Spain,2018,Male,30–34,1440072.0
Spain,2018,Female,35–39,1735419.0
Spain,2018,Male,35–39,1776138.0
Spain,2018,Female,40–44,1935847.0
Spain,2018,Male,40–44,2014515.0
Spain,2018,Female,45–49,1863665.0
Spain,2018,Male,45–49,1911111.0
Spain,2018,Female,50–54,1835441.0
Spain,2018,Male,50–54,1833539.0
Spain,2018,Female,55–59,1665284.0
Spain,2018,Male,55–59,1608244.0
Spain,2018,Female,60–64,1416373.0
Spain,2018,Male,60–64,1337865.0
Sweden,2018,Female,15–19,262240.0
Sweden,2018,Male,15–19,289926.0
Sweden,2018,Female,20–24,291904.0
Sweden,2018,Male,20–24,315344.0
Sweden,2018,Female,25–29,358501.0
Sweden,2018,Male,25–29,379158.0
Sweden,2018,Female,30–34,328816.0
Sweden,2018,Male,30–34,347488.0
Sweden,2018,Female,35–39,309374.0
Sweden,2018,Male,35–39,324770.0
Sweden,2018,Female,40–44,313468.0
Sweden,2018,Male,40–44,325279.0
Sweden,2018,Female,45–49,324228.0
Sweden,2018,Male,45–49,333266.0
Sweden,2018,Female,50–54,337212.0
Sweden,2018,Male,50–54,348355.0
Sweden,2018,Female,55–59,293461.0
Sweden,2018,Male,55–59,299317.0
Sweden,2018,Female,60–64,282383.0
Sweden,2018,Male,60–64,282487.0
Ukraine,2018,Female,15–19,939117.0
Ukraine,2018,Male,15–19,992414.0
Ukraine,2018,Female,20–24,1143385.0
Ukraine,2018,Male,20–24,1204678.0
Ukraine,2018,Female,25–29,1569488.0
Ukraine,2018,Male,25–29,1654692.0
Ukraine,2018,Female,30–34,1878934.0
Ukraine,2018,Male,30–34,1963932.0
Ukraine,2018,Female,35–39,1753006.0
Ukraine,2018,Male,35–39,1783079.0
Ukraine,2018,Female,40–44,1637021.0
Ukraine,2018,Male,40–44,1545252.0
Ukraine,2018,Female,45–49,1629513.0
Ukraine,2018,Male,45–49,1477377.0
Ukraine,2018,Female,50–54,1686566.0
Ukraine,2018,Male,50–54,1539271.0
Ukraine,2018,Female,55–59,1846053.0
Ukraine,2018,Male,55–59,1602080.0
Ukraine,2018,Female,60–64,1735074.0
Ukraine,2018,Male,60–64,1266248.0
France,2019,Female,15–19,2012957.0
France,2019,Male,15–19,2124163.0
France,2019,Female,20–24,1934901.0
France,2019,Male,20–24,2004259.0
France,2019,Female,25–29,1905738.0
France,2019,Male,25–29,1902807.0
France,2019,Female,30–34,2052644.0
France,2019,Male,30–34,1973875.0
France,2019,Female,35–39,2128222.0
France,2019,Male,35–39,2045263.0
France,2019,Female,40–44,2092413.0
France,2019,Male,40–44,2081216.0
France,2019,Female,45–49,2297286.0
France,2019,Male,45–49,2243888.0
France,2019,Female,50–54,2263500.0
France,2019,Male,50–54,2161142.0
France,2019,Female,55–59,2256616.0
France,2019,Male,55–59,2126214.0
France,2019,Female,60–64,2173055.0
France,2019,Male,60–64,1984027.0
Germany,2019,Female,15–19,1913206.0
Germany,2019,Male,15–19,2065036.0
Germany,2019,Female,20–24,2196795.0
Germany,2019,Male,20–24,2421514.0
Germany,2019,Female,25–29,2468653.0
Germany,2019,Male,25–29,2665363.0
Germany,2019,Female,30–34,2643967.0
Germany,2019,Male,30–34,2804160.0
Germany,2019,Female,35–39,2594617.0
Germany,2019,Male,35–39,2666005.0
Germany,2019,Female,40–44,2427281.0
Germany,2019,Male,40–44,2462653.0
Germany,2019,Female,45–49,2700773.0
Germany,2019,Male,45–49,2736106.0
Germany,2019,Female,50–54,3364030.0
Germany,2019,Male,50–54,3425227.0
Germany,2019,Female,55–59,3325222.0
Germany,2019,Male,55–59,3328105.0
Germany,2019,Female,60–64,2826150.0
Germany,2019,Male,60–64,2733769.0
Italy,2019,Female,15–19,1378906.0
Italy,2019,Male,15–19,1485336.0
Italy,2019,Female,20–24,1403916.0
Italy,2019,Male,20–24,1560031.0
Italy,2019,Female,25–29,1555661.0
Italy,2019,Male,25–29,1638258.0
Italy,2019,Female,30–34,1623774.0
Italy,2019,Male,30–34,1654822.0
Italy,2019,Female,35–39,1802969.0
Italy,2019,Male,35–39,1828199.0
Italy,2019,Female,40–44,2135682.0
Italy,2019,Male,40–44,2138732.0
Italy,2019,Female,45–49,2392590.0
Italy,2019,Male,45–49,2354170.0
Italy,2019,Female,50–54,2464736.0
Italy,2019,Male,50–54,2397273.0
Italy,2019,Female,55–59,2289760.0
Italy,2019,Male,55–59,2188397.0
Italy,2019,Female,60–64,1991059.0
Italy,2019,Male,60–64,1865848.0
Netherlands,2019,Female,15–19,514344.0
Netherlands,2019,Male,15–19,538510.0
Netherlands,2019,Female,20–24,539910.0
Netherlands,2019,Male,20–24,556556.0
Netherlands,2019,Female,25–29,560799.0
Netherlands,2019,Male,25–29,578501.0
Netherlands,2019,Female,30–34,542364.0
Netherlands,2019,Male,30–34,553107.0
Netherlands,2019,Female,35–39,520724.0
Netherlands,2019,Male,35–39,523452.0
Netherlands,2019,Female,40–44,511170.0
Netherlands,2019,Male,40–44,507153.0
Netherlands,2019,Female,45–49,606701.0
Netherlands,2019,Male,45–49,602165.0
Netherlands,2019,Female,50–54,641163.0
Netherlands,2019,Male,50–54,645355.0
Netherlands,2019,Female,55–59,627976.0
Netherlands,2019,Male,55–59,624908.0
Netherlands,2019,Female,60–64,555908.0
Netherlands,2019,Male,60–64,547908.0
Norway,2019,Female,15–19,155123.0
Norway,2019,Male,15–19,164446.0
Norway,2019,Female,20–24,164635.0
Norway,2019,Male,20–24,176403.0
Norway,2019,Female,25–29,181401.0
Norway,2019,Male,25–29,189652.0
Norway,2019,Female,30–34,180937.0
Norway,2019,Male,30–34,188658.0
Norway,2019,Female,35–39,171944.0
Norway,2019,Male,35–39,182426.0
Norway,2019,Female,40–44,169651.0
Norway,2019,Male,40–44,179228.0
Norway,2019,Female,45–49,183844.0
Norway,2019,Male,45–49,193455.0
Norway,2019,Female,50–54,179626.0
Norway,2019,Male,50–54,189365.0
Norway,2019,Female,55–59,161017.0
Norway,2019,Male,55–59,167791.0
Norway,2019,Female,60–64,151782.0
Norway,2019,Male,60–64,153707.0
Poland,2019,Female,15–19,870923.0
Poland,2019,Male,15–19,912323.0
Poland,2019,Female,20–24,1035236.0
Poland,2019,Male,20–24,1084113.0
Poland,2019,Female,25–29,1250636.0
Poland,2019,Male,25–29,1310162.0
Poland,2019,Female,30–34,1469011.0
Poland,2019,Male,30–34,1528686.0
Poland,2019,Female,35–39,1575952.0
Poland,2019,Male,35–39,1632453.0
Poland,2019,Female,40–44,1457146.0
Poland,2019,Male,40–44,1496768.0
Poland,2019,Female,45–49,1251507.0
Poland,2019,Male,45–49,1268336.0
Poland,2019,Female,50–54,1112949.0
Poland,2019,Male,50–54,1103331.0
Poland,2019,Female,55–59,1241048.0
Poland,2019,Male,55–59,1176298.0
Poland,2019,Female,60–64,1415318.0
Poland,2019,Male,60–64,1251983.0
Spain,2019,Female,15–19,1136591.0
Spain,2019,Male,15–19,1209012.0
Spain,2019,Female,20–24,1137854.0
Spain,2019,Male,20–24,1190526.0
Spain,2019,Female,25–29,1272729.0
Spain,2019,Male,25–29,1302462.0
Spain,2019,Female,30–34,1420988.0
Spain,2019,Male,30–34,1428823.0
Spain,2019,Female,35–39,1684199.0
Spain,2019,Male,35–39,1714265.0
Spain,2019,Female,40–44,1938845.0
Spain,2019,Male,40–44,2007203.0
Spain,2019,Female,45–49,1887046.0
Spain,2019,Male,45–49,1939262.0
Spain,2019,Female,50–54,1846672.0
Spain,2019,Male,50–54,1845063.0
Spain,2019,Female,55–59,1711031.0
Spain,2019,Male,55–59,1653946.0
Spain,2019,Female,60–64,1472840.0
Spain,2019,Male,60–64,1389470.0
Sweden,2019,Female,15–19,269269.0
Sweden,2019,Male,15–19,294930.0
Sweden,2019,Female,20–24,281748.0
Sweden,2019,Male,20–24,310886.0
Sweden,2019,Female,25–29,360039.0
Sweden,2019,Male,25–29,380461.0
Sweden,2019,Female,30–34,342189.0
Sweden,2019,Male,30–34,360814.0
Sweden,2019,Female,35–39,314398.0
Sweden,2019,Male,35–39,330944.0
Sweden,2019,Female,40–44,310615.0
Sweden,2019,Male,40–44,322922.0
Sweden,2019,Female,45–49,326757.0
Sweden,2019,Male,45–49,335938.0
Sweden,2019,Female,50–54,336125.0
Sweden,2019,Male,50–54,346668.0
Sweden,2019,Female,55–59,301484.0
Sweden,2019,Male,55–59,308039.0
Sweden,2019,Female,60–64,282946.0
Sweden,2019,Male,60–64,283764.0
Ukraine,2019,Female,15–19,945207.0
Ukraine,2019,Male,15–19,1000112.0
Ukraine,2019,Female,20–24,1081542.0
Ukraine,2019,Male,20–24,1136773.0
Ukraine,2019,Female,25–29,1467536.0
Ukraine,2019,Male,25–29,1540972.0
Ukraine,2019,Female,30–34,1857384.0
Ukraine,2019,Male,30–34,1944148.0
Ukraine,2019,Female,35–39,1783914.0
Ukraine,2019,Male,35–39,1833351.0
Ukraine,2019,Female,40–44,1657037.0
Ukraine,2019,Male,40–44,1582474.0
Ukraine,2019,Female,45–49,1609374.0
Ukraine,2019,Male,45–49,1452234.0
Ukraine,2019,Female,50–54,1644138.0
Ukraine,2019,Male,50–54,1479174.0
Ukraine,2019,Female,55–59,1825573.0
Ukraine,2019,Male,55–59,1605366.0
Ukraine,2019,Female,60–64,1769355.0
Ukraine,2019,Male,60–64,1315898.0
France,2020,Female,15–19,2010169.0
France,2020,Male,15–19,2125764.0
France,2020,Female,20–24,1954146.0
France,2020,Male,20–24,2029309.0
France,2020,Female,25–29,1897433.0
France,2020,Male,25–29,1895774.0
France,2020,Female,30–34,2058630.0
France,2020,Male,30–34,1988451.0
France,2020,Female,35–39,2114402.0
France,2020,Male,35–39,2024136.0
France,2020,Female,40–44,2107639.0
France,2020,Male,40–44,2082970.0
France,2020,Female,45–49,2265836.0
France,2020,Male,45–49,2226839.0
France,2020,Female,50–54,2255328.0
France,2020,Male,50–54,2152914.0
France,2020,Female,55–59,2269074.0
France,2020,Male,55–59,2137882.0
France,2020,Female,60–64,2188274.0
France,2020,Male,60–64,2001575.0
Germany,2020,Female,15–19,1885006.0
Germany,2020,Male,15–19,2018217.0
Germany,2020,Female,20–24,2188613.0
Germany,2020,Male,20–24,2411797.0
Germany,2020,Female,25–29,2400513.0
Germany,2020,Male,25–29,2594631.0
Germany,2020,Female,30–34,2683522.0
Germany,2020,Male,30–34,2850556.0
Germany,2020,Female,35–39,2602655.0
Germany,2020,Male,35–39,2683271.0
Germany,2020,Female,40–44,2477118.0
Germany,2020,Male,40–44,2506901.0
Germany,2020,Female,45–49,2569424.0
Germany,2020,Male,45–49,2593491.0
Germany,2020,Female,50–54,3274836.0
Germany,2020,Male,50–54,3324824.0
Germany,2020,Female,55–59,3375105.0
Germany,2020,Male,55–59,3385536.0
Germany,2020,Female,60–64,2904290.0
Germany,2020,Male,60–64,2819929.0
Italy,2020,Female,15–19,1376709.0
Italy,2020,Male,15–19,1472817.0
Italy,2020,Female,20–24,1403249.0
Italy,2020,Male,20–24,1559371.0
Italy,2020,Female,25–29,1522241.0
Italy,2020,Male,25–29,1612563.0
Italy,2020,Female,30–34,1617890.0
Italy,2020,Male,30–34,1653025.0
Italy,2020,Female,35–39,1757379.0
Italy,2020,Male,35–39,1780247.0
Italy,2020,Female,40–44,2048929.0
Italy,2020,Male,40–44,2057717.0
Italy,2020,Female,45–49,2368197.0
Italy,2020,Male,45–49,2335629.0
Italy,2020,Female,50–54,2446310.0
Italy,2020,Male,50–54,2379377.0
Italy,2020,Female,55–59,2341055.0
Italy,2020,Male,55–59,2241538.0
Italy,2020,Female,60–64,2034551.0
Italy,2020,Male,60–64,1910096.0
Netherlands,2020,Female,15–19,507173.0
Netherlands,2020,Male,15–19,530816.0
Netherlands,2020,Female,20–24,547731.0
Netherlands,2020,Male,20–24,564679.0
Netherlands,2020,Female,25–29,564581.0
Netherlands,2020,Male,25–29,582515.0
Netherlands,2020,Female,30–34,554059.0
Netherlands,2020,Male,30–34,566465.0
Netherlands,2020,Female,35–39,525958.0
Netherlands,2020,Male,35–39,531025.0
Netherlands,2020,Female,40–44,512749.0
Netherlands,2020,Male,40–44,510001.0
Netherlands,2020,Female,45–49,581184.0
Netherlands,2020,Male,45–49,574456.0
Netherlands,2020,Female,50–54,641704.0
Netherlands,2020,Male,50–54,645379.0
Netherlands,2020,Female,55–59,636565.0
Netherlands,2020,Male,55–59,634079.0
Netherlands,2020,Female,60–64,567419.0
Netherlands,2020,Male,60–64,560187.0
Norway,2020,Female,15–19,154542.0
Norway,2020,Male,15–19,162878.0
Norway,2020,Female,20–24,163810.0
Norway,2020,Male,20–24,175828.0
Norway,2020,Female,25–29,179907.0
Norway,2020,Male,25–29,188998.0
Norway,2020,Female,30–34,184942.0
Norway,2020,Male,30–34,192589.0
Norway,2020,Female,35–39,173512.0
Norway,2020,Male,35–39,183802.0
Norway,2020,Female,40–44,168827.0
Norway,2020,Male,40–44,178839.0
Norway,2020,Female,45–49,182367.0
Norway,2020,Male,45–49,191623.0
Norway,2020,Female,50–54,182007.0
Norway,2020,Male,50–54,191388.0
Norway,2020,Female,55–59,164184.0
Norway,2020,Male,55–59,171437.0
Norway,2020,Female,60–64,152837.0
Norway,2020,Male,60–64,155612.0
Poland,2020,Female,15–19,860626.0
Poland,2020,Male,15–19,902592.0
Poland,2020,Female,20–24,995367.0
Poland,2020,Male,20–24,1041092.0
Poland,2020,Female,25–29,1207215.0
Poland,2020,Male,25–29,1266025.0
Poland,2020,Female,30–34,1421735.0
Poland,2020,Male,30–34,1479677.0
Poland,2020,Female,35–39,1579596.0
Poland,2020,Male,35–39,1636329.0
Poland,2020,Female,40–44,1485739.0
Poland,2020,Male,40–44,1526321.0
Poland,2020,Female,45–49,1295934.0
Poland,2020,Male,45–49,1314245.0
Poland,2020,Female,50–54,1115559.0
Poland,2020,Male,50–54,1106228.0
Poland,2020,Female,55–59,1190142.0
Poland,2020,Male,55–59,1133535.0
Poland,2020,Female,60–64,1388206.0
Poland,2020,Male,60–64,1232144.0
Spain,2020,Female,15–19,1158029.0
Spain,2020,Male,15–19,1232268.0
Spain,2020,Female,20–24,1156378.0
Spain,2020,Male,20–24,1214805.0
Spain,2020,Female,25–29,1269230.0
Spain,2020,Male,25–29,1304372.0
Spain,2020,Female,30–34,1408557.0
Spain,2020,Male,30–34,1420378.0
Spain,2020,Female,35–39,1630269.0
Spain,2020,Male,35–39,1653042.0
Spain,2020,Female,40–44,1928363.0
Spain,2020,Male,40–44,1985356.0
Spain,2020,Female,45–49,1913925.0
Spain,2020,Male,45–49,1969699.0
Spain,2020,Female,50–54,1853273.0
Spain,2020,Male,50–54,1855156.0
Spain,2020,Female,55–59,1752428.0
Spain,2020,Male,55–59,1700053.0
Spain,2020,Female,60–64,1530274.0
Spain,2020,Male,60–64,1439570.0
Sweden,2020,Female,15–19,275679.0
Sweden,2020,Male,15–19,297052.0
Sweden,2020,Female,20–24,274517.0
Sweden,2020,Male,20–24,309050.0
Sweden,2020,Female,25–29,354044.0
Sweden,2020,Male,25–29,374672.0
Sweden,2020,Female,30–34,354862.0
Sweden,2020,Male,30–34,373047.0
Sweden,2020,Female,35–39,318436.0
Sweden,2020,Male,35–39,336210.0
Sweden,2020,Female,40–44,309964.0
Sweden,2020,Male,40–44,322773.0
Sweden,2020,Female,45–49,328820.0
Sweden,2020,Male,45–49,338319.0
Sweden,2020,Female,50–54,331560.0
Sweden,2020,Male,50–54,341590.0
Sweden,2020,Female,55–59,311874.0
Sweden,2020,Male,55–59,319002.0
Sweden,2020,Female,60–64,283647.0
Sweden,2020,Male,60–64,285149.0
Ukraine,2020,Female,15–19,963597.0
Ukraine,2020,Male,15–19,1019967.0
Ukraine,2020,Female,20–24,1027618.0
Ukraine,2020,Male,20–24,1078645.0
Ukraine,2020,Female,25–29,1372831.0
Ukraine,2020,Male,25–29,1444083.0
Ukraine,2020,Female,30–34,1820851.0
Ukraine,2020,Male,30–34,1906240.0
Ukraine,2020,Female,35–39,1803089.0
Ukraine,2020,Male,35–39,1863322.0
Ukraine,2020,Female,40–44,1667605.0
Ukraine,2020,Male,40–44,1604159.0
Ukraine,2020,Female,45–49,1587459.0
Ukraine,2020,Male,45–49,1405668.0
Ukraine,2020,Female,50–54,1628119.0
Ukraine,2020,Male,50–54,1477893.0
Ukraine,2020,Female,55–59,1796894.0
Ukraine,2020,Male,55–59,1590642.0
Ukraine,2020,Female,60–64,1792231.0
Ukraine,2020,Male,60–64,1361835.0
France,2021,Female,15–19,2023058.0
France,2021,Male,15–19,2138854.0
France,2021,Female,20–24,1984254.0
France,2021,Male,20–24,2070529.0
France,2021,Female,25–29,1892404.0
France,2021,Male,25–29,1897219.0
France,2021,Female,30–34,2051485.0
France,2021,Male,30–34,1993249.0
France,2021,Female,35–39,2100233.0
France,2021,Male,35–39,2005766.0
France,2021,Female,40–44,2141485.0
France,2021,Male,40–44,2103750.0
France,2021,Female,45–49,2219257.0
France,2021,Male,45–49,2187220.0
France,2021,Female,50–54,2258134.0
France,2021,Male,50–54,2158483.0
France,2021,Female,55–59,2276622.0
France,2021,Male,55–59,2143779.0
France,2021,Female,60–64,2199188.0
France,2021,Male,60–64,2016786.0
Germany,2021,Female,15–19,1853021.0
Germany,2021,Male,15–19,1975272.0
Germany,2021,Female,20–24,2150807.0
Germany,2021,Male,20–24,2365432.0
Germany,2021,Female,25–29,2342813.0
Germany,2021,Male,25–29,2538434.0
Germany,2021,Female,30–34,2690111.0
Germany,2021,Male,30–34,2865584.0
Germany,2021,Female,35–39,2605863.0
Germany,2021,Male,35–39,2700099.0
Germany,2021,Female,40–44,2532646.0
Germany,2021,Male,40–44,2560704.0
Germany,2021,Female,45–49,2473758.0
Germany,2021,Male,45–49,2491524.0
Germany,2021,Female,50–54,3165366.0
Germany,2021,Male,50–54,3203996.0
Germany,2021,Female,55–59,3405673.0
Germany,2021,Male,55–59,3422698.0
Germany,2021,Female,60–64,2995486.0
Germany,2021,Male,60–64,2912638.0
Italy,2021,Female,15–19,1375107.0
Italy,2021,Male,15–19,1464076.0
Italy,2021,Female,20–24,1407268.0
Italy,2021,Male,20–24,1558488.0
Italy,2021,Female,25–29,1493279.0
Italy,2021,Male,25–29,1595108.0
Italy,2021,Female,30–34,1618636.0
Italy,2021,Male,30–34,1663300.0
Italy,2021,Female,35–39,1712730.0
Italy,2021,Male,35–39,1734484.0
Italy,2021,Female,40–44,1972213.0
Italy,2021,Male,40–44,1986501.0
Italy,2021,Female,45–49,2324171.0
Italy,2021,Male,45–49,2301852.0
Italy,2021,Female,50–54,2428008.0
Italy,2021,Male,50–54,2360984.0
Italy,2021,Female,55–59,2381798.0
Italy,2021,Male,55–59,2287300.0
Italy,2021,Female,60–64,2071929.0
Italy,2021,Male,60–64,1944405.0
Netherlands,2021,Female,15–19,497527.0
Netherlands,2021,Male,15–19,521107.0
Netherlands,2021,Female,20–24,555819.0
Netherlands,2021,Male,20–24,573071.0
Netherlands,2021,Female,25–29,565912.0
Netherlands,2021,Male,25–29,583082.0
Netherlands,2021,Female,30–34,565717.0
Netherlands,2021,Male,30–34,580303.0
Netherlands,2021,Female,35–39,532424.0
Netherlands,2021,Male,35–39,539124.0
Netherlands,2021,Female,40–44,518724.0
Netherlands,2021,Male,40–44,516733.0
Netherlands,2021,Female,45–49,556169.0
Netherlands,2021,Male,45–49,548825.0
Netherlands,2021,Female,50–54,641345.0
Netherlands,2021,Male,50–54,643590.0
Netherlands,2021,Female,55–59,640247.0
Netherlands,2021,Male,55–59,638629.0
Netherlands,2021,Female,60–64,579381.0
Netherlands,2021,Male,60–64,572663.0
Norway,2021,Female,15–19,154842.0
Norway,2021,Male,15–19,162641.0
Norway,2021,Female,20–24,162484.0
Norway,2021,Male,20–24,174195.0
Norway,2021,Female,25–29,178379.0
Norway,2021,Male,25–29,188406.0
Norway,2021,Female,30–34,187980.0
Norway,2021,Male,30–34,195532.0
Norway,2021,Female,35–39,175111.0
Norway,2021,Male,35–39,185511.0
Norway,2021,Female,40–44,169413.0
Norway,2021,Male,40–44,179150.0
Norway,2021,Female,45–49,179649.0
Norway,2021,Male,45–49,188729.0
Norway,2021,Female,50–54,183840.0
Norway,2021,Male,50–54,192462.0
Norway,2021,Female,55–59,167654.0
Norway,2021,Male,55–59,175581.0
Norway,2021,Female,60–64,153522.0
Norway,2021,Male,60–64,156946.0
Poland,2021,Female,15–19,847646.0
Poland,2021,Male,15–19,889865.0
Poland,2021,Female,20–24,936838.0
Poland,2021,Male,20–24,978572.0
Poland,2021,Female,25–29,1140201.0
Poland,2021,Male,25–29,1195318.0
Poland,2021,Female,30–34,1346970.0
Poland,2021,Male,30–34,1402278.0
Poland,2021,Female,35–39,1536744.0
Poland,2021,Male,35–39,1591307.0
Poland,2021,Female,40–44,1480176.0
Poland,2021,Male,40–44,1520073.0
Poland,2021,Female,45–49,1311120.0
Poland,2021,Male,45–49,1329617.0
Poland,2021,Female,50–54,1107836.0
Poland,2021,Male,50–54,1098079.0
Poland,2021,Female,55–59,1123943.0
Poland,2021,Male,55–59,1073841.0
Poland,2021,Female,60–64,1321924.0
Poland,2021,Male,60–64,1176469.0
Spain,2021,Female,15–19,1176589.0
Spain,2021,Male,15–19,1248234.0
Spain,2021,Female,20–24,1166470.0
Spain,2021,Male,20–24,1231650.0
Spain,2021,Female,25–29,1256946.0
Spain,2021,Male,25–29,1294504.0
Spain,2021,Female,30–34,1389785.0
Spain,2021,Male,30–34,1407421.0
Spain,2021,Female,35–39,1577330.0
Spain,2021,Male,35–39,1592909.0
Spain,2021,Female,40–44,1894741.0
Spain,2021,Male,40–44,1944094.0
Spain,2021,Female,45–49,1936546.0
Spain,2021,Male,45–49,1995997.0
Spain,2021,Female,50–54,1859310.0
Spain,2021,Male,50–54,1866160.0
Spain,2021,Female,55–59,1784950.0
Spain,2021,Male,55–59,1740532.0
Spain,2021,Female,60–64,1579557.0
Spain,2021,Male,60–64,1482657.0
Sweden,2021,Female,15–19,282465.0
Sweden,2021,Male,15–19,301296.0
Sweden,2021,Female,20–24,271499.0
Sweden,2021,Male,20–24,307322.0
Sweden,2021,Female,25–29,342298.0
Sweden,2021,Male,25–29,362719.0
Sweden,2021,Female,30–34,366212.0
Sweden,2021,Male,30–34,384650.0
Sweden,2021,Female,35–39,324081.0
Sweden,2021,Male,35–39,343249.0
Sweden,2021,Female,40–44,311799.0
Sweden,2021,Male,40–44,324745.0
Sweden,2021,Female,45–49,326843.0
Sweden,2021,Male,45–49,336919.0
Sweden,2021,Female,50–54,328512.0
Sweden,2021,Male,50–54,337501.0
Sweden,2021,Female,55–59,322019.0
Sweden,2021,Male,55–59,330117.0
Sweden,2021,Female,60–64,283945.0
Sweden,2021,Male,60–64,285557.0
Ukraine,2021,Female,15–19,994829.0
Ukraine,2021,Male,15–19,1052081.0
Ukraine,2021,Female,20–24,980437.0
Ukraine,2021,Male,20–24,1029477.0
Ukraine,2021,Female,25–29,1286194.0
Ukraine,2021,Male,25–29,1353266.0
Ukraine,2021,Female,30–34,1755876.0
Ukraine,2021,Male,30–34,1840921.0
Ukraine,2021,Female,35–39,1826769.0
Ukraine,2021,Male,35–39,1893472.0
Ukraine,2021,Female,40–44,1683943.0
Ukraine,2021,Male,40–44,1632671.0
Ukraine,2021,Female,45–49,1578983.0
Ukraine,2021,Male,45–49,1399619.0
Ukraine,2021,Female,50–54,1618745.0
Ukraine,2021,Male,50–54,1464714.0
Ukraine,2021,Female,55–59,1758578.0
Ukraine,2021,Male,55–59,1560628.0
Ukraine,2021,Female,60–64,1790315.0
Ukraine,2021,Male,60–64,1385650.0
France,2022,Female,15–19,2040962.0
France,2022,Male,15–19,2153981.0
France,2022,Female,20–24,2010313.0
France,2022,Male,20–24,2108196.0
France,2022,Female,25–29,1894501.0
France,2022,Male,25–29,1912697.0
France,2022,Female,30–34,2029856.0
France,2022,Male,30–34,1985532.0
France,2022,Female,35–39,2090951.0
France,2022,Male,35–39,1993995.0
France,2022,Female,40–44,2165129.0
France,2022,Male,40–44,2109258.0
France,2022,Female,45–49,2169247.0
France,2022,Male,45–49,2147664.0
France,2022,Female,50–54,2276517.0
France,2022,Male,50–54,2180180.0
France,2022,Female,55–59,2276825.0
France,2022,Male,55–59,2145483.0
France,2022,Female,60–64,2205243.0
France,2022,Male,60–64,2025555.0
Germany,2022,Female,15–19,1848960.0
Germany,2022,Male,15–19,1965330.0
Germany,2022,Female,20–24,2100167.0
Germany,2022,Male,20–24,2300304.0
Germany,2022,Female,25–29,2330667.0
Germany,2022,Male,25–29,2537496.0
Germany,2022,Female,30–34,2672694.0
Germany,2022,Male,30–34,2854405.0
Germany,2022,Female,35–39,2640151.0
Germany,2022,Male,35–39,2752401.0
Germany,2022,Female,40–44,2594361.0
Germany,2022,Male,40–44,2627838.0
Germany,2022,Female,45–49,2443304.0
Germany,2022,Male,45–49,2458117.0
Germany,2022,Female,50–54,3054823.0
Germany,2022,Male,50–54,3085132.0
Germany,2022,Female,55–59,3444640.0
Germany,2022,Male,55–59,3463916.0
Germany,2022,Female,60–64,3114263.0
Germany,2022,Male,60–64,3030485.0
Italy,2022,Female,15–19,1384041.0
Italy,2022,Male,15–19,1469491.0
Italy,2022,Female,20–24,1418565.0
Italy,2022,Male,20–24,1557393.0
Italy,2022,Female,25–29,1476541.0
Italy,2022,Male,25–29,1592299.0
Italy,2022,Female,30–34,1630461.0
Italy,2022,Male,30–34,1685533.0
Italy,2022,Female,35–39,1673983.0
Italy,2022,Male,35–39,1696756.0
Italy,2022,Female,40–44,1914450.0
Italy,2022,Male,40–44,1930679.0
Italy,2022,Female,45–49,2271100.0
Italy,2022,Male,45–49,2257616.0
Italy,2022,Female,50–54,2416895.0
Italy,2022,Male,50–54,2351975.0
Italy,2022,Female,55–59,2414101.0
Italy,2022,Male,55–59,2323429.0
Italy,2022,Female,60–64,2122882.0
Italy,2022,Male,60–64,1992320.0
Netherlands,2022,Female,15–19,494881.0
Netherlands,2022,Male,15–19,517146.0
Netherlands,2022,Female,20–24,566464.0
Netherlands,2022,Male,20–24,584399.0
Netherlands,2022,Female,25–29,575457.0
Netherlands,2022,Male,25–29,591266.0
Netherlands,2022,Female,30–34,580987.0
Netherlands,2022,Male,30–34,596913.0
Netherlands,2022,Female,35–39,545215.0
Netherlands,2022,Male,35–39,553961.0
Netherlands,2022,Female,40–44,526389.0
Netherlands,2022,Male,40–44,525933.0
Netherlands,2022,Female,45–49,537056.0
Netherlands,2022,Male,45–49,530398.0
Netherlands,2022,Female,50–54,638666.0
Netherlands,2022,Male,50–54,638668.0
Netherlands,2022,Female,55–59,639794.0
Netherlands,2022,Male,55–59,639759.0
Netherlands,2022,Female,60–64,592343.0
Netherlands,2022,Male,60–64,585290.0
Norway,2022,Female,15–19,157028.0
Norway,2022,Male,15–19,165042.0
Norway,2022,Female,20–24,161878.0
Norway,2022,Male,20–24,172575.0
Norway,2022,Female,25–29,178801.0
Norway,2022,Male,25–29,188647.0
Norway,2022,Female,30–34,191210.0
Norway,2022,Male,30–34,199063.0
Norway,2022,Female,35–39,178775.0
Norway,2022,Male,35–39,188189.0
Norway,2022,Female,40–44,172209.0
Norway,2022,Male,40–44,181099.0
Norway,2022,Female,45–49,176725.0
Norway,2022,Male,45–49,185039.0
Norway,2022,Female,50–54,185857.0
Norway,2022,Male,50–54,193738.0
Norway,2022,Female,55–59,171735.0
Norway,2022,Male,55–59,179488.0
Norway,2022,Female,60–64,154931.0
Norway,2022,Male,60–64,158757.0
Poland,2022,Female,15–19,866212.0
Poland,2022,Male,15–19,910001.0
Poland,2022,Female,20–24,901465.0
Poland,2022,Male,20–24,941116.0
Poland,2022,Female,25–29,1097367.0
Poland,2022,Male,25–29,1149316.0
Poland,2022,Female,30–34,1303148.0
Poland,2022,Male,30–34,1357534.0
Poland,2022,Female,35–39,1512284.0
Poland,2022,Male,35–39,1565197.0
Poland,2022,Female,40–44,1502196.0
Poland,2022,Male,40–44,1542498.0
Poland,2022,Female,45–49,1348680.0
Poland,2022,Male,45–49,1367828.0
Poland,2022,Female,50–54,1133578.0
Poland,2022,Male,50–54,1123871.0
Poland,2022,Female,55–59,1092785.0
Poland,2022,Male,55–59,1046530.0
Poland,2022,Female,60–64,1275185.0
Poland,2022,Male,60–64,1139277.0
Spain,2022,Female,15–19,1204150.0
Spain,2022,Male,15–19,1274278.0
Spain,2022,Female,20–24,1175604.0
Spain,2022,Male,20–24,1247728.0
Spain,2022,Female,25–29,1246795.0
Spain,2022,Male,25–29,1286511.0
Spain,2022,Female,30–34,1381421.0
Spain,2022,Male,30–34,1404063.0
Spain,2022,Female,35–39,1544299.0
Spain,2022,Male,35–39,1554045.0
Spain,2022,Female,40–44,1854237.0
Spain,2022,Male,40–44,1897170.0
Spain,2022,Female,45–49,1967147.0
Spain,2022,Male,45–49,2030999.0
Spain,2022,Female,50–54,1880392.0
Spain,2022,Male,50–54,1893864.0
Spain,2022,Female,55–59,1829853.0
Spain,2022,Male,55–59,1790252.0
Spain,2022,Female,60–64,1630112.0
Spain,2022,Male,60–64,1531307.0
Sweden,2022,Female,15–19,289353.0
Sweden,2022,Male,15–19,307540.0
Sweden,2022,Female,20–24,273081.0
Sweden,2022,Male,20–24,308749.0
Sweden,2022,Female,25–29,329944.0
Sweden,2022,Male,25–29,349515.0
Sweden,2022,Female,30–34,375628.0
Sweden,2022,Male,30–34,395659.0
Sweden,2022,Female,35–39,332724.0
Sweden,2022,Male,35–39,352491.0
Sweden,2022,Female,40–44,314676.0
Sweden,2022,Male,40–44,328671.0
Sweden,2022,Female,45–49,322842.0
Sweden,2022,Male,45–49,333744.0
Sweden,2022,Female,50–54,326807.0
Sweden,2022,Male,50–54,335157.0
Sweden,2022,Female,55–59,330865.0
Sweden,2022,Male,55–59,339788.0
Sweden,2022,Female,60–64,285212.0
Sweden,2022,Male,60–64,287215.0
Ukraine,2022,Female,15–19,971482.0
Ukraine,2022,Male,15–19,1024991.0
Ukraine,2022,Female,20–24,885528.0
Ukraine,2022,Male,20–24,930194.0
Ukraine,2022,Female,25–29,1126561.0
Ukraine,2022,Male,25–29,1182457.0
Ukraine,2022,Female,30–34,1551767.0
Ukraine,2022,Male,30–34,1628878.0
Ukraine,2022,Female,35–39,1738680.0
Ukraine,2022,Male,35–39,1795094.0
Ukraine,2022,Female,40–44,1595060.0
Ukraine,2022,Male,40–44,1565645.0
Ukraine,2022,Female,45–49,1486249.0
Ukraine,2022,Male,45–49,1344409.0
Ukraine,2022,Female,50–54,1505867.0
Ukraine,2022,Male,50–54,1329011.0
Ukraine,2022,Female,55–59,1588142.0
Ukraine,2022,Male,55–59,1405571.0
Ukraine,2022,Female,60–64,1664454.0
Ukraine,2022,Male,60–64,1314538.0
